분류번호,도서명,저자,가격,구입일,예약인원,대여유무
7304,불편한 편의점2,김호연,12000,20150301,0,y
7305,흔한남매,백난도,14000,20191201,0,y
7306,역행자,자청,22000,20220301,0,y
7307,삶의격,파스칼,18000,20150501,0,y
7308,튜브,손원평,9000,20210101,0,y
7309,자유,조너선,15000,20110301,0,y
7310,저주토끼,정보라,7000,20140201,0,y
7311,인간실격,다자이오사무,12600,20201001,0,y
7312,아노말리,에르베르텔리에,21600,20200901,0,y
7313,류,히가시야마아키라,11700,20191101,0,y
7314,비올레트,발레리페랭,14250,20030201,0,y
7315,모비딕,허먼멘빌,12800,20050301,0,y
7316,데미안,헤르만헤세,11850,20091101,0,y
7317,베이비토크,샐리워드,19800,20131001,0,y
7318,하얼빈,김훈,10000,20150801,0,y
7319,미키7,에드워드애슈턴,16000,20220101,0,y
7320,유럽도시기행2,유시민,15000,20210501,0,y
7321,하쿠다사진관,허태연,31000,20190501,0,y
7322,해커스 토익,데이비드초,24400,20220201,0,y
7323,악어의눈물,키스포크너,9000,20110301,0,y
7324,출생의 비밀,홍성식,4500,20150701,0,y
7325,묘사하는마음,김혜리,9000,20210601,0,y
7326,작별인사,김영하,8800,20210901,0,y
7327,미움받을용기,기시미이치로,6400,20180101,0,y
7328,5가지사랑의언어,게리채프먼,13400,20170501,0,y
7329,밥상머리교육,김정진,8500,20180501,0,y
7330,몰입,황농문,15500,20220701,0,y
7301,야쿠자의 덕질1,야츠다테키,13500,20210301,0,y
7302,헤어질 결심 각본,박찬욱,9800,20220401,0,y
7303,계속 가보겠습니다,임은정,7500,20150301,0,y
